product_id,product_name,sales_count,revenue
2,Cheesy Jalapeño Pizza (Medium),1326,1193400
1,Pepperoni Pizza (Large),1271,444850
3,Four Cheese Pizza (Large),1226,306500
4,Classic Neapolitan Pizza (Regular),1218,730800
24,317 Desi Street Style Pizza,776,388000
14,Indian Deluxe Macaroni Pasta,762,243840
11,Farmhouse Pizza (Medium),312,171600
9,Classic Neapolitan Pizza (Regular),307,214900
22,317 Brooklyn Veggie Feast,296,118400
8,Hawaiian Pizza (Large),295,221250
5,Mushroom Overload Pizza (Small),289,130050
21,317 Signature Truffle Blast,273,177450
10,Pesto Veggie Pizza (Regular),270,486000
7,Garlic Bread with Cheese dip,258,387000
23,317 Thai Green Curry Pizza,258,64500
6,Chicken Supreme Pizza (Medium),257,308400
12,Pizza Pockets (4 pcs),96,28800
26,317 Wild Mushroom & Olive Medle,91,81900
20,Stuffed Garlic Knots (6 pcs),89,71200
25,317 Firecracker Paneer Pizza,88,52800
13,Deluxe Veggie Pizza (Medium),86,38700
27,317 Power Punch Fruity Bash,83,16600
17,Spanish Chicken Sauce Pizza (Regular),82,49200
18,Italian Breadsticks (6pcs),78,35100
19,Mediterranean Pizza (Small),77,23100
28,317 Special Drink Trap,76,22800
16,Classic Chicken Saucy Pizza (Small),75,37500
15,Cheese Bomb Veggie Pasta,73,25550
