city_name,population,estimated_consumers,active_customers,reach_percent
Delhi,31000000,7750000.0,68,0.0009
Mumbai,20400000,5100000.0,27,0.0005
Kolkata,14900000,3725000.0,28,0.0008
Bangalore,12300000,3075000.0,39,0.0013
Chennai,11100000,2775000.0,42,0.0015
Hyderabad,10000000,2500000.0,21,0.0008
Ahmedabad,8300000,2075000.0,23,0.0011
Pune,7500000,1875000.0,52,0.0028
Surat,7200000,1800000.0,27,0.0015
Jaipur,4000000,1000000.0,69,0.0069
Lucknow,3800000,950000.0,21,0.0022
Indore,3300000,825000.0,21,0.0025
Kanpur,3100000,775000.0,35,0.0045
Nagpur,2900000,725000.0,24,0.0033
