city_name,month_start,revenue,previous_revenue,growth_percent
Bangalore,2023-01-01,36890,,
Bangalore,2023-02-01,24750,36890,-32.91
Bangalore,2023-03-01,26120,24750,5.54
Bangalore,2023-04-01,23520,26120,-9.95
Bangalore,2023-05-01,37790,23520,60.67
Bangalore,2023-06-01,37790,37790,0.0
Bangalore,2023-07-01,33120,37790,-12.36
Bangalore,2023-08-01,31050,33120,-6.25
Bangalore,2023-09-01,71700,31050,130.92
Bangalore,2023-10-01,102050,71700,42.33
Bangalore,2023-11-01,106100,102050,3.97
Bangalore,2023-12-01,62630,106100,-40.97
Bangalore,2024-01-01,48850,62630,-22.0
Bangalore,2024-02-01,60650,48850,24.16
Bangalore,2024-03-01,57500,60650,-5.19
Bangalore,2024-04-01,12900,57500,-77.57
Bangalore,2024-05-01,17850,12900,38.37
Bangalore,2024-06-01,16600,17850,-7.0
Bangalore,2024-07-01,15300,16600,-7.83
Bangalore,2024-08-01,13450,15300,-12.09
Bangalore,2024-09-01,23500,13450,74.72
Bangalore,2024-10-01,0,23500,-100.0
Chennai,2023-01-01,33340,,
Chennai,2023-02-01,34140,33340,2.4
Chennai,2023-03-01,30050,34140,-11.98
Chennai,2023-04-01,37520,30050,24.86
Chennai,2023-05-01,39270,37520,4.66
Chennai,2023-06-01,28960,39270,-26.25
Chennai,2023-07-01,38190,28960,31.87
Chennai,2023-08-01,27850,38190,-27.08
Chennai,2023-09-01,76500,27850,174.69
Chennai,2023-10-01,124650,76500,62.94
Chennai,2023-11-01,105700,124650,-15.2
Chennai,2023-12-01,72150,105700,-31.74
Chennai,2024-01-01,50100,72150,-30.56
Chennai,2024-02-01,63500,50100,26.75
Chennai,2024-03-01,75950,63500,19.61
Chennai,2024-04-01,16500,75950,-78.28
Chennai,2024-05-01,16000,16500,-3.03
Chennai,2024-06-01,11500,16000,-28.13
Chennai,2024-07-01,18500,11500,60.87
Chennai,2024-08-01,20400,18500,10.27
Chennai,2024-09-01,23000,20400,12.75
Chennai,2024-10-01,350,23000,-98.48
Pune,2023-01-01,37300,,
Pune,2023-02-01,46110,37300,23.62
Pune,2023-03-01,54320,46110,17.81
Pune,2023-04-01,38620,54320,-28.9
Pune,2023-05-01,39430,38620,2.1
Pune,2023-06-01,32170,39430,-18.41
Pune,2023-07-01,54460,32170,69.29
Pune,2023-08-01,27800,54460,-48.95
Pune,2023-09-01,88400,27800,217.99
Pune,2023-10-01,155950,88400,76.41
Pune,2023-11-01,169350,155950,8.59
Pune,2023-12-01,109030,169350,-35.62
Pune,2024-01-01,78150,109030,-28.32
Pune,2024-02-01,80950,78150,3.58
Pune,2024-03-01,97150,80950,20.01
Pune,2024-04-01,22400,97150,-76.94
Pune,2024-05-01,36850,22400,64.51
Pune,2024-06-01,14650,36850,-60.24
Pune,2024-07-01,19850,14650,35.49
Pune,2024-08-01,27650,19850,39.29
Pune,2024-09-01,26850,27650,-2.89
Pune,2024-10-01,850,26850,-96.83
Jaipur,2023-01-01,27700,,
Jaipur,2023-02-01,22470,27700,-18.88
Jaipur,2023-03-01,27920,22470,24.25
Jaipur,2023-04-01,30800,27920,10.32
Jaipur,2023-05-01,34720,30800,12.73
Jaipur,2023-06-01,20020,34720,-42.34
Jaipur,2023-07-01,26970,20020,34.72
Jaipur,2023-08-01,16800,26970,-37.71
Jaipur,2023-09-01,54300,16800,223.21
Jaipur,2023-10-01,76900,54300,41.62
Jaipur,2023-11-01,77850,76900,1.24
Jaipur,2023-12-01,93830,77850,20.53
Jaipur,2024-01-01,47120,93830,-49.78
Jaipur,2024-02-01,60400,47120,28.18
Jaipur,2024-03-01,71100,60400,17.72
Jaipur,2024-04-01,22750,71100,-68.0
Jaipur,2024-05-01,18200,22750,-20.0
Jaipur,2024-06-01,17800,18200,-2.2
Jaipur,2024-07-01,16700,17800,-6.18
Jaipur,2024-08-01,15550,16700,-6.89
Jaipur,2024-09-01,22650,15550,45.66
Jaipur,2024-10-01,900,22650,-96.03
Delhi,2023-01-01,15680,,
Delhi,2023-02-01,16120,15680,2.81
Delhi,2023-03-01,25000,16120,55.09
Delhi,2023-04-01,23230,25000,-7.08
Delhi,2023-05-01,17190,23230,-26.0
Delhi,2023-06-01,20790,17190,20.94
Delhi,2023-07-01,22790,20790,9.62
Delhi,2023-08-01,17100,22790,-24.97
Delhi,2023-09-01,56200,17100,228.65
Delhi,2023-10-01,85150,56200,51.51
Delhi,2023-11-01,67650,85150,-20.55
Delhi,2023-12-01,85690,67650,26.67
Delhi,2024-01-01,49880,85690,-41.79
Delhi,2024-02-01,60400,49880,21.09
Delhi,2024-03-01,77800,60400,28.81
Delhi,2024-04-01,18150,77800,-76.67
Delhi,2024-05-01,27450,18150,51.24
Delhi,2024-06-01,13200,27450,-51.91
Delhi,2024-07-01,13150,13200,-0.38
Delhi,2024-08-01,19450,13150,47.91
Delhi,2024-09-01,17450,19450,-10.28
Delhi,2024-10-01,900,17450,-94.84
Mumbai,2023-01-01,5750,,
Mumbai,2023-02-01,6250,5750,8.7
Mumbai,2023-03-01,7270,6250,16.32
Mumbai,2023-04-01,5950,7270,-18.16
Mumbai,2023-05-01,11020,5950,85.21
Mumbai,2023-06-01,9570,11020,-13.16
Mumbai,2023-07-01,4700,9570,-50.89
Mumbai,2023-08-01,4500,4700,-4.26
Mumbai,2023-09-01,15600,4500,246.67
Mumbai,2023-10-01,23350,15600,49.68
Mumbai,2023-11-01,26350,23350,12.85
Mumbai,2023-12-01,21640,26350,-17.87
Mumbai,2024-01-01,14650,21640,-32.3
Mumbai,2024-02-01,20800,14650,41.98
Mumbai,2024-03-01,21450,20800,3.13
Mumbai,2024-04-01,3050,21450,-85.78
Mumbai,2024-05-01,5900,3050,93.44
Mumbai,2024-06-01,7600,5900,28.81
Mumbai,2024-07-01,3600,7600,-52.63
Mumbai,2024-08-01,9300,3600,158.33
Mumbai,2024-09-01,6700,9300,-27.96
Mumbai,2024-10-01,0,6700,-100.0
Hyderabad,2023-01-01,2170,,
Hyderabad,2023-02-01,4150,2170,91.24
Hyderabad,2023-03-01,3200,4150,-22.89
Hyderabad,2023-04-01,3050,3200,-4.69
Hyderabad,2023-05-01,5900,3050,93.44
Hyderabad,2023-06-01,4220,5900,-28.47
Hyderabad,2023-07-01,5670,4220,34.36
Hyderabad,2023-08-01,3500,5670,-38.27
Hyderabad,2023-09-01,7450,3500,112.86
Hyderabad,2023-10-01,9500,7450,27.52
Hyderabad,2023-11-01,19350,9500,103.68
Hyderabad,2023-12-01,16210,19350,-16.23
Hyderabad,2024-01-01,9100,16210,-43.86
Hyderabad,2024-02-01,9850,9100,8.24
Hyderabad,2024-03-01,12500,9850,26.9
Hyderabad,2024-04-01,3550,12500,-71.6
Hyderabad,2024-05-01,3700,3550,4.23
Hyderabad,2024-06-01,2750,3700,-25.68
Hyderabad,2024-07-01,1200,2750,-56.36
Hyderabad,2024-08-01,2150,1200,79.17
Hyderabad,2024-09-01,2350,2150,9.3
Hyderabad,2024-10-01,0,2350,-100.0
Ahmedabad,2023-01-01,3750,,
Ahmedabad,2023-02-01,4100,3750,9.33
Ahmedabad,2023-03-01,3050,4100,-25.61
Ahmedabad,2023-04-01,4040,3050,32.46
Ahmedabad,2023-05-01,2550,4040,-36.88
Ahmedabad,2023-06-01,2900,2550,13.73
Ahmedabad,2023-07-01,2800,2900,-3.45
Ahmedabad,2023-08-01,4300,2800,53.57
Ahmedabad,2023-09-01,8250,4300,91.86
Ahmedabad,2023-10-01,10950,8250,32.73
Ahmedabad,2023-11-01,21250,10950,94.06
Ahmedabad,2023-12-01,11360,21250,-46.54
Ahmedabad,2024-01-01,12090,11360,6.43
Ahmedabad,2024-02-01,10900,12090,-9.84
Ahmedabad,2024-03-01,14000,10900,28.44
Ahmedabad,2024-04-01,3950,14000,-71.79
Ahmedabad,2024-05-01,5250,3950,32.91
Ahmedabad,2024-06-01,3300,5250,-37.14
Ahmedabad,2024-07-01,2700,3300,-18.18
Ahmedabad,2024-08-01,3550,2700,31.48
Ahmedabad,2024-09-01,2650,3550,-25.35
Ahmedabad,2024-10-01,0,2650,-100.0
Kolkata,2023-01-01,3570,,
Kolkata,2023-02-01,2550,3570,-28.57
Kolkata,2023-03-01,6650,2550,160.78
Kolkata,2023-04-01,4500,6650,-32.33
Kolkata,2023-05-01,6270,4500,39.33
Kolkata,2023-06-01,4600,6270,-26.63
Kolkata,2023-07-01,5550,4600,20.65
Kolkata,2023-08-01,5000,5550,-9.91
Kolkata,2023-09-01,7150,5000,43.0
Kolkata,2023-10-01,17450,7150,144.06
Kolkata,2023-11-01,20200,17450,15.76
Kolkata,2023-12-01,13530,20200,-33.02
Kolkata,2024-01-01,15690,13530,15.96
Kolkata,2024-02-01,15950,15690,1.66
Kolkata,2024-03-01,12150,15950,-23.82
Kolkata,2024-04-01,2500,12150,-79.42
Kolkata,2024-05-01,3200,2500,28.0
Kolkata,2024-06-01,7750,3200,142.19
Kolkata,2024-07-01,7150,7750,-7.74
Kolkata,2024-08-01,4300,7150,-39.86
Kolkata,2024-09-01,4250,4300,-1.16
Kolkata,2024-10-01,1500,4250,-64.71
Surat,2023-01-01,4750,,
Surat,2023-02-01,1600,4750,-66.32
Surat,2023-03-01,6770,1600,323.13
Surat,2023-04-01,3400,6770,-49.78
Surat,2023-05-01,4320,3400,27.06
Surat,2023-06-01,5470,4320,26.62
Surat,2023-07-01,6220,5470,13.71
Surat,2023-08-01,6000,6220,-3.54
Surat,2023-09-01,9100,6000,51.67
Surat,2023-10-01,17250,9100,89.56
Surat,2023-11-01,18250,17250,5.8
Surat,2023-12-01,17060,18250,-6.52
Surat,2024-01-01,16400,17060,-3.87
Surat,2024-02-01,11150,16400,-32.01
Surat,2024-03-01,16300,11150,46.19
Surat,2024-04-01,7000,16300,-57.06
Surat,2024-05-01,7250,7000,3.57
Surat,2024-06-01,4450,7250,-38.62
Surat,2024-07-01,4450,4450,0.0
Surat,2024-08-01,6400,4450,43.82
Surat,2024-09-01,2950,6400,-53.91
Surat,2024-10-01,0,2950,-100.0
Lucknow,2023-01-01,2770,,
Lucknow,2023-02-01,900,2770,-67.51
Lucknow,2023-03-01,2300,900,155.56
Lucknow,2023-04-01,900,2300,-60.87
Lucknow,2023-05-01,850,900,-5.56
Lucknow,2023-06-01,2400,850,182.35
Lucknow,2023-07-01,1720,2400,-28.33
Lucknow,2023-08-01,5000,1720,190.7
Lucknow,2023-09-01,7900,5000,58.0
Lucknow,2023-10-01,9750,7900,23.42
Lucknow,2023-11-01,13550,9750,38.97
Lucknow,2023-12-01,18250,13550,34.69
Lucknow,2024-01-01,8510,18250,-53.37
Lucknow,2024-02-01,8950,8510,5.17
Lucknow,2024-03-01,10450,8950,16.76
Lucknow,2024-04-01,2200,10450,-78.95
Lucknow,2024-05-01,2150,2200,-2.27
Lucknow,2024-06-01,2650,2150,23.26
Lucknow,2024-07-01,2400,2650,-9.43
Lucknow,2024-08-01,4350,2400,81.25
Lucknow,2024-09-01,1450,4350,-66.67
Lucknow,2024-10-01,0,1450,-100.0
Kanpur,2023-01-01,4450,,
Kanpur,2023-02-01,6820,4450,53.26
Kanpur,2023-03-01,6200,6820,-9.09
Kanpur,2023-04-01,4450,6200,-28.23
Kanpur,2023-05-01,4100,4450,-7.87
Kanpur,2023-06-01,4100,4100,0.0
Kanpur,2023-07-01,2320,4100,-43.41
Kanpur,2023-08-01,4000,2320,72.41
Kanpur,2023-09-01,10100,4000,152.5
Kanpur,2023-10-01,23900,10100,136.63
Kanpur,2023-11-01,28100,23900,17.57
Kanpur,2023-12-01,19890,28100,-29.22
Kanpur,2024-01-01,14620,19890,-26.5
Kanpur,2024-02-01,20650,14620,41.24
Kanpur,2024-03-01,21300,20650,3.15
Kanpur,2024-04-01,3850,21300,-81.92
Kanpur,2024-05-01,13650,3850,254.55
Kanpur,2024-06-01,7300,13650,-46.52
Kanpur,2024-07-01,5900,7300,-19.18
Kanpur,2024-08-01,5300,5900,-10.17
Kanpur,2024-09-01,2550,5300,-51.89
Kanpur,2024-10-01,0,2550,-100.0
Nagpur,2023-01-01,2000,,
Nagpur,2023-02-01,3400,2000,70.0
Nagpur,2023-03-01,6970,3400,105.0
Nagpur,2023-04-01,3550,6970,-49.07
Nagpur,2023-05-01,2800,3550,-21.13
Nagpur,2023-06-01,2820,2800,0.71
Nagpur,2023-07-01,5250,2820,86.17
Nagpur,2023-08-01,3000,5250,-42.86
Nagpur,2023-09-01,9250,3000,208.33
Nagpur,2023-10-01,14350,9250,55.14
Nagpur,2023-11-01,16650,14350,16.03
Nagpur,2023-12-01,14810,16650,-11.05
Nagpur,2024-01-01,8800,14810,-40.58
Nagpur,2024-02-01,12800,8800,45.45
Nagpur,2024-03-01,12650,12800,-1.17
Nagpur,2024-04-01,4700,12650,-62.85
Nagpur,2024-05-01,4400,4700,-6.38
Nagpur,2024-06-01,3850,4400,-12.5
Nagpur,2024-07-01,1750,3850,-54.55
Nagpur,2024-08-01,3700,1750,111.43
Nagpur,2024-09-01,2550,3700,-31.08
Nagpur,2024-10-01,0,2550,-100.0
Indore,2023-01-01,2950,,
Indore,2023-02-01,6570,2950,122.71
Indore,2023-03-01,6000,6570,-8.68
Indore,2023-04-01,5720,6000,-4.67
Indore,2023-05-01,1750,5720,-69.41
Indore,2023-06-01,6550,1750,274.29
Indore,2023-07-01,5650,6550,-13.74
Indore,2023-08-01,3000,5650,-46.9
Indore,2023-09-01,6400,3000,113.33
Indore,2023-10-01,11300,6400,76.56
Indore,2023-11-01,18850,11300,66.81
Indore,2023-12-01,15520,18850,-17.67
Indore,2024-01-01,11130,15520,-28.29
Indore,2024-02-01,9900,11130,-11.05
Indore,2024-03-01,12050,9900,21.72
Indore,2024-04-01,2350,12050,-80.5
Indore,2024-05-01,5300,2350,125.53
Indore,2024-06-01,2900,5300,-45.28
Indore,2024-07-01,2100,2900,-27.59
Indore,2024-08-01,1250,2100,-40.48
Indore,2024-09-01,1350,1250,8.0
Indore,2024-10-01,0,1350,-100.0
